needs,of,more,than,135,000,patients,at,1,800
have,two,days,off,each,week,in,addition,to,the
20,30,over_time,hours,per,week,ability,to,use,or
and,sign,for,minimum,of,two,days,per,week,close,the,company,with,more,than,12,000,stores,and,12,distribution,a,minimum,of,two,days,per,week,authorize,and,sign,for,store,minimum,of,two,days,per,week,close,the,store,a,minimum,of,two,days,per,week,authorize
minimum,of,40,hours,per,week,to,include,week_ends,holidays
h,r,block,s,15,hour,continuing,education,requirement,and
low_cost,life_insurance,up,to,400,000,in,coverage,401,k,repayment,program,up,to,50,000,for,existing,loans,health_care
h4,saj,cp,h5,color,000,saj,desc,background,fff
pratt,ville,34,39,an,hour
at,33,cents,d,insurance,teams,average,4,000,miles,week,start
165,000,employees,are,committed,to,year,our,more,than
to,off,hour,emergency,calls,work,with,shipments,as_needed,respond
up,to,4,days,a,week,home,on,week_ends,based
for,oct,nov,13,26,week,er,contract,w,possible,s,36,40,hours,per,week,with,ot,offered,all,available,reimbursements,up,to,1,000,00,completion,bonus,excellent
minimum,of,35,hours,per,week,on,a,flexible_schedule,including
details,1,18,and,26,week,assignments,available,2,positions,starting,asap,2,36,hour,weeks,available,3,12
adventure,for,more,than,161,000,children,ages,six,weeks,education,employs,more,than,32,000,team,members,across,1
week,centralized,dispatch,no,force,only,dispatch,no,operators,satellite,week,truck,drivers,enjoy,a,2,000,sign_on,bonus,plus,a,for,satellite,satellite,tv,for,only,15,week,and,that,s,just,tv,only,15
shifts,each,week,morning,shift,8,00am,opening,and,closing
needs,of,more,than,135,000,patients,at,1,800
minimum,of,35,hours,per,week,on,a,flexible_schedule,including
bonus,for,company,rider,program,pet,policy,2,000,referral,program,students,welcome,you,up,to,a,5,000,sign_on
and,hospice,serves,approximately,80,000,patients,daily,gentiva,is
team,of,over,19,000,co_workers,rac,acceptance,operates,our
call,for,details,introducing,10,000,sign_on,bonus,for,experienced,1,200,1,400,per,week,about,us,cr,st
contractors,lease,up,to,10,000,sign_on,bonus,paid,plates,10,independent,contractors,average,375,000,year,up,to,10,000,sign_on,bonus,minimum,22
availability,any,day,of,the,week,physical,ability,to,move
shift,daylight,total,hours,per,week,40,hr,job,code
performers,earn,over,20,an,hour,qualifications,sales,experience,an,an,performers,employment,subject,earn,over,20,to,hour,passing
tools,from,oven,up,to,500,degrees,or,higher,sharp
them,most,projects,allow,for,week,of,scheduling,this,means,our,team,of,over,14,000,merchandisers,that,offer,our
work,from,home,and,get,500,1000,every,week,our,company,is,expanding,every,single,day,of,the,week,make,between,500,1000,every,week,respond,to,all,new
availability,any,day,of,the,week,physical,ability,to,move
opportunities,need,for,work_life,balance,1,000,sign_on,bonus,driver
shifts,each,week,morning,shift,8,00am,opening,and,closing
has,boomed,to,more,than,500,units,in,13,southeastern
availability,any,day,of,the,week,physical,ability,to,move
and,regulations,perform,ensure,adherence,to,wage,and,hour,policies
opportunities,need,for,work_life,balance,1,000,sign_on,bonus,driver
low_cost,life_insurance,up,to,400,000,in,coverage,401,k,repayment,program,up,to,50,000,for,existing,loans,health_care
hour,shifts,and,no,procedures,flexible,block,scheduling,in,12
now,team,driver,benefits,2,500,sign_on,bonus,per,driver
operations,llc,employs,over,22,000,teammates,in,north_america,and
seeking,a,qualified,registered_nurse,12,hour,nights,18,or,26,week,position,asap,start,positions
minimum,of,40,hours,per,week,based,upon,the,business
enjoy,competitive_pay,guaranteed,home_time,1,000,mile,average,hauls,1,000,sign_on,bonus,1,000,referral,for,operators,who
benefits,average,1500,miles,per,week,medi_cal,vision,dental,and
availability,any,day,of,the,week,physical,ability,to,move
000,stores,across,the,country,of,life,of,our,19,000,co_workers,by,rewarding,their,industry,with,more,than,3
day,a,week,coverage,to,patients,and,death,shares,in,providing,24,hour,seven
the,usa,servicing,over,50,000,retail,locations,throughout,the
more,than,25,hours,per,week,although,the,company,does
px,border,right,1px,solid,000,border,left,1px,solid,000,border,top,1px,solid,000,border,bottom,10px,solid
student,loan,repayment,pays,10,000,00,per,year,for
minimum,of,35,hours,per,week,on,a,flexible_schedule,including
operations,llc,employs,over,22,000,teammates,in,north_america,and
25,hours,per,week,although,the,company,does,more,than
most,truck_driving,schools,charge,4,000,6,000,with,cr,st,we,option,of,paying,only,2,500,and,receiving,top_quality,training
state,and,federal,wage,and,hour,regulations,and,restaurant,filing,to,work,55,hours,per,week,is,required,requires,the
now,offering,limited,time,1,500,sign_on,bonus,call,for,time,sign_on,bonus,of,1,500,join,our,team,of
site,working,hours,are,12,hour,shifts,with,some,over_time
or,sometimes,six,days,per,week,ability,to,frequently,at
per,mile,safety,bonus,1,000,driver,referral,bonus,1,000,orientation,pay,in,one,lump,sum,free,20,000,life_insurance,policy,excellent,health
and,sign,for,minimum,of,two,days,per,week,close,the,company,with,more,than,12,000,stores,and,12,distribution,a,minimum,of,two,days,per,week,authorize,and,sign,for,store,minimum,of,two,days,per,week,close,the,store,a,minimum,of,two,days,per,week,authorize
needs,of,more,than,135,000,patients,at,1,800
week,authorize,and,sign,for,company,with,more,than,12,500,stores,and,13,distribution,minimum,of,two,days,per,week,close,the,store,a,minimum,of,two,days,per
cpm,empty,2500,miles,a,week,cross_training,and,flexibility,as,you,earn,up,to,78,000,hauling,chemicals,we,are
25,hours,per,week,although,the,company,does,more,than
employee,base,of,approximately,13,000,company,associates,and,a,independently,employs,an,estimated,33,000,additional,people,the,company,network,of,more,than,8,000,company_owned,franchised,and,licensed
our,family,we,re,75,000,strong,and,growing,and
for,enterprises,nearly,2,500,unique,clients,including,more,link,is,an,s,p,500,company,and,is,included,solutions
increase,your,earn,as,much,as,45,000,your,first_year,and,your,success,fast_paced,3,training_program,master,skills,that,week,apprenticeship,inc,offers,a,3,week,training,course,complete,with
for,earning,well,over,200,000,per,year,we,hire
strong,together,we,global,company,that,is,46,000,employees
flatbed,owner_operators,earn,72,1,000,sign_on,bonus,orientation,fuel
the,potential,to,earn,60,000,per,year,with,salary,the,potential,to,earn,40,000,per,year,with,salary
company,with,more,than,11,000,stores,and,12,distribution
000,teammates,in,north_america,and,operations,llc,employs,over,22
rate,15,00,17,00,hour,job_summary,position_description,to,process,00,to,17,00,per,hour,shift,monday,friday,8
availability,any,day,of,the,week,generally,scheduled,39,to,40,hours,per,week,more,hours,may,be
representative,20,30,hours,per,week,opportunities,in,baldwin,county
at,33,cents,d,insurance,teams,average,4,000,miles,week,start
to,work,various,shifts,per,week,additional,infodrivingundefinedminimum,age18,years,h4,saj,cp,h5,color,000,saj,papajohns,ftr,background
is,an,s,p,500,company,traded,on,the,potential,to,earn,from,50,000,up,to,75,000,in,your,first_year,are,mark
discount,fuel,program,a,1,500,sign_on,bonus,and,excellent,and,qualify,for,a,3,000,sign_on,bonus,when,you,3,4,times,during,the,week,plus,week_ends,southeast,regional,get,home,1,2,times,week,plus,week_ends,otr,get
of,liability,bodily,injury,100,000,each,person,and,300,000,each,accident,property,damage,100,000,is,required,must,pass
drive,belong,700,1200,per,week,take_home,call,a,recruiter
murphy,usa,operates,over,1,000,locations,in,over,20,20,hours,or,more,per,week,are,eligible,for,educational
drive,belong,700,1200,per,week,take_home,call,a,recruiter
state,and,local,wage,and,hour,laws,and,labor,and
has,grown,to,over,4,500,trucks,we,are,still
company,driver,sign_on,bonus,5,000,limited,time,only,so,today,company,drivers,average,55,000,to,65,000,in,annual,income,2,000,bonus,for,every,driver
a,while,for,an,8,hour,shift,be,a,problem
state,and,federal,wage,and,hour,regulations,and,restaurant,filing,to,work,55,hours,per,week,is,required,requires,the
off,paid_vacation,with,a,week,added,every,year,great,days
up,to,12,00,per,hour,doe,in,this,job,for,roughly,25,hours,a,week,to,work,in,quickbooks
more,than,25,hours,per,week,although,the,company,does
loan,industry,with,over,1,000,offices,we,offer,opportunities,8,pm,two,nights,a,week,and,or,saturday,8
speed,of,four,thousand,4,000,sph,typing,speed,of
retirement,thirty,hours,or,more,a,week,our,401,k
murphy,usa,operates,over,1,000,locations,in,over,20,20,hours,or,more,per,week,are,eligible,for,educational
week,position,primary_responsibilities,answer,basic,16,hours,or,less,per
hours,over,40,per,week,and,call,back,as_required,to
43,gallon,2,000,sign_on,bonus,as,a,up,to
offers,flatbed,company,drivers,2,000,sign_on,bonus,and,2,000,referral,bonus,best,pay,medi_cal,and,dental,life_insurance,10,000,policy,at,no,charge
per,mile,fuel,surcharge,1,000,sign_on,bonus,solo,and,check,average,2730,miles,per,week,all,miles,loaded,and
years,2011,2012,2013,inc,500,5000,honoree,flexible,daytime,neighborhood,publications,we,have,over,500,publications,across,the,country
america,with,more,than,10,000,neighborhood,stores,in,39,managers,participate,in,a,2,week,training_program,that,may,require
h4,saj,cp,h5,color,000,saj,desc,background,fff
low_cost,life_insurance,up,to,400,000,in,coverage,401,k,repayment,program,up,to,50,000,for,existing,loans,health_care
support,the,goals,for,the,year,month,week,day,segment
of,four,thousand,4,000,sph,typing,speed,of,speed
sales,volume,of,over,250,000,per,week,or,a,current,dg,company,with,more,than,11,000,stores,and,12,distribution
offers,flatbed,company,drivers,2,000,sign_on,bonus,and,2,000,referral,bonus,best,pay,medi_cal,and,dental,life_insurance,10,000,policy,at,no,charge
one,day,off,for,every,week,out,99,no_touch,80
the,county,consists,of,2,000,square,miles,18,communities,and,200,000,residents,the,construction,manager
team,otr,miles,every,week,5,000,referral,bonus,paid,out,outstanding
to,work,various,shifts,per,week,must_have,a,high_school,diploma,h4,saj,cp,h5,color,000,saj,papajohns,ftr,background
company,with,more,than,13,000,stores,and,14,distribution,minimum,of,two,days,per,week,close,the,store,a,minimum,of,two,days,per,week,authorize,and,sign,for
state,and,federal,wage,and,hour,regulations,and,restaurant,filing,to,work,55,hours,per,week,is,required,requires,the
to,work,45,hours,per,week,including,night,and,weekend
11,billion,in,sales,4,000,stores,and,90,manufacturing,over,120,countries,our,45,000,employees,across,the,globe
for,earning,well,over,200,000,per,year,we,hire
up,to,25,hours,per,week,where,your,talents,will,20,hours,or,more,per,week,are,eligible,for,educational
student,loan,repayment,pays,10,000,00,per,year,for
various,hours,days,of,the,week,ability,to,move,throughout
9,00,11,00,an,hour,all,offers,of,employment
repayment,program,up,to,50,000,for,existing,loans,health_care,400,feeding,25,soldiers,or,2,500,in,the,field,or,low_cost,life_insurance,up,to,000,in,coverage,401,k
per,week,or,a,current,dg,company,with,more,than,11,000,stores,and,12,distribution,sales,volume,of,over,250,000
the,week,essential,knowledge,and,skills,availability,any,day,of
with,average,20,hours,per,week,monday_friday,schedule,hours,10
student,loan,repayment,pays,10,000,00,per,year,for
h4,saj,cp,h5,color,000,saj,desc,background,fff
trucking,the,best,benefits,1,000,transition,pay,paid_vacation,holidays
cascadia,0,down,760,per,week,includes,warranty,virgin,tires,evolution,2500,down,900,per,week,includes,warranty,virgin,tires
pay,rate,up,to,70,000,00,per,year,doe
more,than,40,hours,per,week,to,complete,essential,duties
h4,saj,cp,h5,color,000,saj,desc,background,fff
team,includes,more,than,40,000,employees,in,over,17,seasonal,20,30,hours,per,week,casual,dress,code,pj,to,earn,8,50,per,hour,working,from,your,home
to,hours,over,40,per,week,and,call,back,as_required
01,pay,increase,every,120,000,miles,with,no,cap,teams,that,run,17,000,miles,in,one,month
can,earn,up,to,1,000,a,week,regardless,of,how,many
you,can,earn,over,50,000,or,more,annually,we,mark,is,an,s,p,500,company,traded,on,the,potential,to,earn,over,50,000,or,more,annually,you
speed,of,four,thousand,4,000,sph,typing,speed,of
country,location,usasalary,range,50,000,to,90,000we,are,with,salary,up,to,95,000,and,full,company_paid,benefits
more,than,25,hours,per,week,although,the,company,does
every_day,of,the,week,is,a,great,time
week,must_have,a,high_level,of,average,of,49,hours,per
camping,world,features,over,10,000,quality,rv,parts,and
low_cost,life_insurance,up,to,400,000,in,coverage,401,k,repayment,program,up,to,50,000,for,existing,loans,health_care
have,grown,to,over,2,000,stores,across,north_america,built,commission,opportunities,five,day,work,week,sundays,always,off,on_going
3,000,sign_on,bonus,for,flatbed,99,92,no_touch,freight,1,500,referral,bonus,flexible,home_time
leading,home,improvement,store,4,hour,long,shifts,looking,for,no,sales,required,12,an,hour,please_contact,jess,at,941
9,85,per,hour,years,experience,required,1,85,to
hours,per,week,beginning,in,may,2017,to,work,30
ekg,monitor,technician,three,12,hour,shifts,per,week,including,every,other,weekend
experience,mileage,per,state,from,10,13,hour,depending,on
families,and,more,than,145,000,community,organizations,including,schools,of,companies,employs,nearly,431,000,associates,who,serve,customers
for,at,least,an,8,hour,shift,must,be,able
and,24,hours,per,are,open,seven,days,a,week
we,offer,take_home,pay,every,week,and,try,to,get,driver,benefits,900,1000,a,week,350,orientation,bonus,average
24,hours,7,days,a,week,must,possess,good,written
company,with,more,than,12,000,stores,and,12,distribution
company,with,more,than,13,000,stores,and,14,distribution
of,48,hours,per,week,stand,and,walk,for,dictates,plus,six,days,a,week,during,peak,seasons,in,minimum
is,an,s,p,500,company,traded,on,the,potential,to,earn,from,50,000,up,to,75,000,in,your,first_year,are,mark
000,patients,every,single,day,our,clinicians,care,for,110
30,pm,on_call,for,a,week,at,a,time,on_call,hours,are,after,3,30,week,days,and,24,hours
more,than,40,hours,per,week,to,complete,essential,duties
first_year,compensation,potential,of,30,000,annual,bonus,opportunity,paid
company,with,more,than,12,000,stores,and,12,distribution,minimum,of,two,days,per,week,close,the,store,a,minimum,of,two,days,per,week,authorize,and,sign,for
substance,start,at,14,an,hour,for,the,first,two
company,with,more,than,13,000,stores,and,14,distribution,minimum,of,two,times,per,week,personally,close,the,store,minimum,of,two,times,per,week,evaluate,operating,statements,to
murphy,usa,operates,over,1,000,locations,in,over,20,20,hours,or,more,per,week,are,eligible,for,educational
for,minimum,of,two,days,per,week,close,the,store,a,minimum,of,two,days,per,week,authorize,company,with,more,than,11,000,stores,and,12,distribution,sign,for,and,minimum,of,two,days,per,week,close,the,store,a,minimum,of,two,days,per,week,authorize,and,sign
minimum,of,40,hours,per,week,to,include,week_ends,holidays
usa,operates,over,1,000,locations,in,over,20,20,hours,or,more,per,week,are,eligible,for,educational,murphy
hours,compensation,12,00,per,hour,based,on,experience19,hours,per,week,no,securities,licensing,required
hours,per,week,to,complete,essential,duties,more,than,40
the,week,week_ends,holidays,and,required,work,any,day,of
1,000,driver,referral,bonus,2,500,referral,bonus,dec,ember,through,february,1,000,orientation,pay,in,one,lump,sum,free,20,000,life_insurance,policy,excellent,health,per,mile,safety,bonus
company,with,more,than,13,000,stores,and,14,distribution
at,www,gesgc,the,pensacola,stores,13,00,hour,up,to,29,hours,per,week,apply
16,hours,or,less,per,week,position,primary_responsibilities,answer,basic,5,00,pm16,hours,per,week,must,be,able,to
v,so,total,hours,per,week,40,hr,job,code
employees,are,committed,to,year,our,more,than,165,000
company,with,more,than,12,000,stores,and,12,distribution
week,authorize,and,sign,for,company,with,more,than,12,500,stores,and,13,distribution,minimum,of,two,days,per,week,close,the,store,a,minimum,of,two,days,per
representative,20,30,hours,per,week,opportunities,in,baldwin,county
10,4,183,230,17,000,300,000,18
000,patients,pharmerica,daphne,rxadvantage,that,care,for,approximately,350
cost,life_insurance,up,to,400,000,in,coverage,401,k,repayment,program,up,to,50,000,for,existing,loans,health_care
low_cost,life_insurance,up,to,400,000,in,coverage,401,k,repayment,program,up,to,50,000,for,existing,loans,health_care
excess,of,50,hours,per,week,ability,to,stand,and
annual,bonus,opportunity,dollar,first_year,compensation,potential,of,30,000
death,shares,in,providing,24,hour,seven,day,a,week,coverage,to,patients,and
bonus,for,company,teams,10,000,seniority,bonus,after,5
up,to,25,hours,per,week,where,your,talents,will,20,hours,or,more,per,week,are,eligible,for,educational
now,team,driver,benefits,2,500,sign_on,bonus,per,driver
pay,rate,up,to,60,000,00,per,year,doe
px,border,right,1px,solid,000,border,left,1px,solid,000,border,top,1px,solid,000,border,bottom,10px,solid
up,to,5,years,1,000,orientation,pay,6,months,experience,1,000,flatbed,training,6,months,travel,lodging,breakfast,lunch,provided,500,1,000,driver,referral,bonus,550
can,earn,up,to,1,000,a,week,regardless,of,how,many
more,than,25,hours,per,week,although,the,company,does
needs,of,more,than,135,000,patients,at,1,800
company,with,more,than,10,000,stores,and,11,distribution
availability,any,day,of,the,week,physical,ability,to,move
3,000,miles,per,week,with,consistent,home_time,great,is,always,accurate,on_time,2,000
a,minimum,of,a,50,hour,work,week,which,includes,five,5,10,hour,shifts,must,be,able
paid,on_the_job,instruction,at,450,week,to,start,and,once,with,new,classes,starting,each,week,srt,s,staff,and
ensure,adherence,to,wage,and,hour,policies,and,regulations,perform
the,best,benefits,sign_on,bonuses,500,on,first,paycheck,1000
providing,24,hour,seven,day,a,week,coverage,to,patients,and,death,shares,in
samsung,recently,opened,over,1,000,of,these,store,within
3,000,miles,per,week,with,consistent,home_time,great,is,always,accurate,on_time,2,000
starting,pay,10,00,an,hour
offers,flatbed,company,drivers,2,000,sign_on,bonus,and,2,000,referral,bonus,best,pay,medi_cal,and,dental,life_insurance,10,000,policy,at,no,charge
week,authorize,and,sign,for,company,with,more,than,12,500,stores,and,13,distribution,minimum,of,two,days,per,week,close,the,store,a,minimum,of,two,days,per
excess,of,40,hours,per,week,must_have,a,valid,driver
for,all,miles,above,3,500,per,week,tuition_reimbursement,up,to,1500
miles,per,week,and,predictable,home_time,with,with,2,800,to,3,000
to,work,various,shifts,per,week,be,authorized,to,work,h4,saj,cp,h5,color,000,saj,papajohns,ftr,background
up,to,25,hours,per,week,where,your,talents,will,20,hours,or,more,per,week,are,eligible,for,educational
auto,desc,container,min,height,500,px,left,info,float
pay,rate,up,to,85,000,00,per,year,doe
support,the,goals,for,the,year,month,week,day,segment
valid,driver,s,license,24,hour,access,to,a,motor_vehicle
rate,15,00,17,00,hour,job_summary,position_description,to,process,00,to,17,00,per,hour,shift,monday,friday,8
per,mile,fuel,surcharge,1,000,sign_on,bonus,solo,and,check,average,2730,miles,per,week,all,miles,loaded,and
to,work,50,hours,a,week,job,benefits,highly,competitive,standard,restaurants,x,19000,114,000,x,30,34,200
00,pm23,5,hours,per,week,rotating,saturday,schedule,and
speed,of,four,thousand,4,000,sph,typing,speed,of
every,single,day,our,clinicians,care,for,110,000,patients
commission,opportunities,five,day,work,week,sundays,always,off,medi_cal,have,grown,to,over,2,000,stores,across,north_america,built
mile,pay,increase,every,120,000,miles,no,cap,additional,your,weekly,settlement,will,be,week,in,and,week,out,qualified,drivers,earn
px,border,right,1px,solid,000,border,left,1px,solid,000,border,top,1px,solid,000,border,bottom,10px,solid
murphy,usa,operates,over,1,000,locations,in,over,20,20,hours,or,more,per,week,are,eligible,for,educational
at,hines,trucking,average,2,000,3,000,miles,per,week,while,earning,competitive_pay,and,the,flatbed,division,earn,55,000,65,000,per,year,pay,rates
per,mile,safety,bonus,1,000,driver,referral,bonus,1,000,orientation,pay,in,one,lump,sum,free,20,000,life_insurance,policy,excellent,health
moor,e,trucking,sign_on,bonuses,500,00,on,first,paycheck
px,border,right,1px,solid,000,border,left,1px,solid,000,border,top,1px,solid,000,border,bottom,10px,solid
company,with,more,than,11,000,stores,and,12,distribution
you,off,with,a,1,000,sign_on,bonus,then,pays,regional,runs,home,during,the,week,with,our,continuous,move
px,border,right,1px,solid,000,border,left,1px,solid,000,border,top,1px,solid,000,border,bottom,10px,solid
lead,shifts,every,week,making,sure,customers,get,additional,infoadditionalmanagers
500,hours,worked,within,the,retirement,program,quarterly,bonuses,earn,500,for
for,minimum,of,two,days,per,week,close,the,store,a,minimum,of,two,days,per,week,authorize,company,with,more,than,11,000,stores,and,12,distribution,sign,for,and,minimum,of,two,days,per,week,close,the,store,a,minimum,of,two,days,per,week,authorize,and,sign
and,sign,for,minimum,of,two,days,per,week,close,the,company,with,more,than,12,000,stores,and,12,distribution,a,minimum,of,two,days,per,week,authorize,and,sign,for,store,minimum,of,two,days,per,week,close,the,store,a,minimum,of,two,days,per,week,authorize
payments,starting,at,700,per,week,paid,100,of,customer
teams,split,100k,150k,10,000,sign_on,bonus,owner_operators,average
offers,flatbed,company,drivers,2,000,sign_on,bonus,and,2,000,referral,bonus,best,pay,medi_cal,and,dental,life_insurance,10,000,policy,at,no,charge
to,work,various,shifts,per,week,wage,to,be,discussed,to,work,various,shifts,per,week,wage,to,be,discussed,to,work,various,shifts,per,week,wage,to,be,discussed,to,work,various,shifts,per,week,wage,to,be,discussed,to,work,various,shifts,per,week,wage,to,be,discussed,to,work,various,shifts,per,week,wage,to,be,discussed,to,work,various,shifts,per,week,wage,to,be,discussed,posting,background,color,fff,color,000,font,12px,normal,aria
appointments,early,for,the,coming,week,when,scheduling,patient,for
company,with,more,than,11,000,stores,and,12,distribution
company,team,drivers,keep,7,000,sign_on,bonus,3,500,per,team,member,up,all,experienced,teams,a,7,000,sign_on,bonus,here,are
call4,1,2,day,work,week,with,no,4,1,2,day,work,week,with,no,evenings,or,week_ends,and,finish,you,week,by,noon,on,fridays,and,lifestyle,finishing,your,work,week,at,noon,on,fridays,and,lifestyle,finishing,your,work,week,at,noon,on,fridays,evenings,or
their,home,area,during,the,week,drivers,are,running,no_touch,loads,working,a,5,day,week,and,are,off,2,full,days,each,week,local,positions,may,be
for,earning,well,over,200,000,per,year,we,hire
vocational,training,up,to,4,500,per,fiscal,year,1,low_cost,life_insurance,up,to,400,000,in,coverage,401,k,repayment,program,up,to,50,000,for,existing,loans,health_care
any,licenses,you,hours,worked,on,average,per,week,list
drivers,can,make_up,to,63,000,year,3000,orientation,completion
h4,saj,cp,h5,color,000,saj,desc,background,fff
company,with,more,than,12,000,stores,and,12,distribution
detention,pay,carrier,late_model,after,just,1,hour,does,your,current,carrier,assigned,equipment,1,hour,automatic,detention,pay,priority
is,part_time,20,hours,per,week,provides,mental_health,case,management
moving,contractors,can,average,260,000,in,yearly,gross,revenue
a,12,hour,rotating,shifts,including,nights,ability,to,work
for,minimum,of,two,days,per,week,close,the,store,a,minimum,of,two,days,per,week,authorize,company,with,more,than,11,000,stores,and,12,distribution,sign,for,and,minimum,of,two,days,per,week,close,the,store,a,minimum,of,two,days,per,week,authorize,and,sign
available,earn,2300,miles,every,week,weekend,home_time,bonuses,and
and,you,ll,average,3,000,miles,per,week,with,guaranteed,restarts,at,available,paid_vacation,paid,weekly,direct_deposit,500,referral,bonus,weekly,resets
offers,1,000,to,1,200,sign_on,boy,d,bros
at,33,cents,d,insurance,teams,average,4,000,miles,week,start
paid,weekly,by,direct_deposit,1,000,orientation,pay,lump,sum,1,000,driver,referral,bonus,employee,employee,dental,insurance,free,20,000,life_insurance,policy,short,long_term
advantages,at,a,glance,1,500,sign_on,bonus,up,to,and,even,some,during,the,week,several,have,a,pre
low_cost,life_insurance,up,to,400,000,in,coverage,401,k,repayment,program,up,to,50,000,for,existing,loans,health_care
per,mile,fuel,surcharge,2,500,sign_on,bonus,solo,and,truckers,average,2600,miles,per,week,team,truckers,average,5200,miles,per,week,all,tolls,and,scales
for,earning,well,over,200,000,per,year,we,hire
coastal,waters,24,7,securing,nearly,7,000,miles,of,land,border,more,than,2,000,miles,of
time_off,high,capacity,miles,1,000,sign_on,bonus,fuel,surcharge,every,week,1,000,referral,bonus,for,operators
service,earned,on,average,79,000,yr,for,2011,sears,work,a,5,day,work,week,which,includes,saturday,s
benefits,average,1500,miles,per,week,medi_cal,vision,dental,and
000,stores,across,the,country,of,life,of,our,19,000,co_workers,by,rewarding,their,industry,with,more,than,3
