base,technology
Adobe Systems Adobe Acrobat,Adobe Systems Adobe Acrobat
Adobe Systems Adobe Acrobat,Adobe Acrobat
Adobe Systems Adobe Acrobat,Acrobat
Adobe Systems Adobe AfterEffects,Adobe Systems Adobe AfterEffects
Adobe Systems Adobe AfterEffects,Adobe AfterEffects
Adobe Systems Adobe AfterEffects,AfterEffects
Adobe Systems Adobe Creative Cloud,Adobe Systems Adobe Creative Cloud
Adobe Systems Adobe Creative Cloud,Adobe Creative Cloud
Adobe Systems Adobe Creative Cloud,Creative Cloud
Adobe Systems Adobe Illustrator,Adobe Systems Adobe Illustrator
Adobe Systems Adobe Illustrator,Adobe Illustrator
Adobe Systems Adobe Illustrator,Illustrator
Adobe Systems Adobe InDesign,Adobe Systems Adobe InDesign
Adobe Systems Adobe InDesign,Adobe InDesign
Adobe Systems Adobe InDesign,InDesign
Adobe Systems Adobe Photoshop,Adobe Systems Adobe Photoshop
Adobe Systems Adobe Photoshop,Adobe Photoshop
Adobe Systems Adobe Photoshop,Photoshop
ADP Workforce Now,ADP Workforce Now
Advanced business application programming ABAP,Advanced business application programming ABAP
Advanced business application programming ABAP,Advanced business application programming
Advanced business application programming ABAP,ABAP
AJAX,AJAX
Amazon Redshift,Amazon Redshift
Amazon Redshift,Redshirt
Ansible software,Ansible software
Ansible software,Ansible
Apache Ant,Apache Ant
Apache Ant,Ant
Apache Cassandra,Apache Cassandra
Apache Cassandra,Cassandra
Apache Groovy,Apache Groovy
Apache Groovy,Groovy
Apache Hadoop,Apache Hadoop
Apache Hadoop,Hadoop
Apache Hive,Apache Hive
Apache Hive,Hive
Apache HTTP Server,Apache HTTP Server
Apache HTTP Server,HTTP Server
Apache Kafka,Apache Kafka
Apache Kafka,Kafka
Apache Pig,Apache Pig
Apache Pig,Pig
Apache Solr,Apache Solr
Apache Solr,Solr
Apache Struts,Apache Struts
Apache Struts,Struts
Apache Subversion SVN,Apache Subversion SVN
Apache Subversion SVN,Subversion SVN
Apache Subversion SVN,Subversion
Apache Tomcat,Apache Tomcat
Apache Tomcat,Tomcat
Apple macOS,Apple macOS
Apple macOS,macOS
Atlassian Bamboo,Atlassian Bamboo
Atlassian Bamboo,Bamboo
Atlassian JIRA,Atlassian JIRA
Atlassian JIRA,JIRA
Autodesk AutoCAD,Autodesk AutoCAD
Autodesk AutoCAD,Autodesk AutoCAD Civil 3D
Autodesk AutoCAD,AutoCAD
Autodesk Revit,Autodesk Revit
Autodesk Revit,Revit
Backbone.js,Backbone.js
Bash,Bash
Bentley MicroStation,Bentley MicroStation
Bentley MicroStation,MicroStation
C#,C#
C++,C++
Cascading Style Sheets CSS,Cascading Style Sheets CSS
Cascading Style Sheets CSS,Cascading Style Sheets
Cascading Style Sheets CSS,CSS
Citrix,Citrix
Common business oriented language COBOL,Common business oriented language COBOL
Common business oriented language COBOL,Common business oriented language
Common business oriented language COBOL,COBOL
Computer aided design CAD software,Computer aided design CAD software
Computer aided design CAD software,Computer aided design
Computer aided design CAD software,CAD
Confluence,Confluence
Dassault Systemes SOLIDWORKS,Dassault Systemes SOLIDWORKS
Dassault Systemes SOLIDWORKS,SOLIDWORKS
Data entry software,Data entry software
Django,Django
Docker,Docker
Drupal,Drupal
Eclipse IDE,Eclipse IDE
Eclipse,Eclipse
Elasticsearch,Elasticsearch
Enterprise resource planning ERP software,Enterprise resource planning ERP software
Enterprise resource planning ERP software,ERP software
Enterprise resource planning ERP software,ERP
Epic Systems,Epic Systems
ESRI ArcGIS software,ESRI ArcGIS software
ESRI ArcGIS software,ArcGIS
Extensible markup language XML,Extensible markup language XML
Extensible markup language XML,XML
Facebook,Facebook
Geographic information system GIS software,Geographic information system GIS software
Geographic information system GIS software,GIS
Git,Git
GitHub,GitHub
Google AdWords,Google AdWords
Google AdWords,AdWords
Google Analytics,Google Analytics
Google AngularJS,Google AngularJS
Google Docs,Google Docs
Docs,Docs
Google Drive,Google Drive
Healthcare common procedure coding system HCPCS,Healthcare common procedure coding system HCPCS
Healthcare common procedure coding system HCPCS,HCPCS
Hypertext markup language HTML,Hypertext markup language HTML
Hypertext markup language HTML,HTML
Hypertext markup language HTML,HTML5
IBM Cognos Impromptu,IBM Cognos Impromptu
IBM Cognos Impromptu,Cognos Impromptu
IBM Notes,IBM Notes
IBM SPSS Statistics,IBM SPSS Statistics
IBM SPSS Statistics,SPSS Statistics
IBM WebSphere,IBM WebSphere
IBM WebSphere,WebSphere
Integrated development environment IDE software,Integrated development environment IDE software
Integrated development environment IDE software,IDE
Intuit QuickBooks,Intuit QuickBooks
JavaScript,JavaScript
JavaScript,JS
JavaScript Object Notation JSON,JavaScript Object Notation JSON
JavaScript Object Notation JSON,JSON
jQuery,jQuery
JUnit,JUnit
LinkedIn,LinkedIn
Linux,Linux
Marketo Marketing Automation,Marketo Marketing Automation
Marketo Marketing Automation,Marketing Automation
Medical condition coding software,Medical condition coding software
MEDITECH software,MEDITECH software
MEDITECH software,MEDITECH
Microsoft .NET Framework,Microsoft .NET Framework
Microsoft .NET Framework,.NET Framekwork
Microsoft .NET Framework,.NET
Microsoft Access,Microsoft Access
Microsoft Active Server Pages ASP,Microsoft Active Server Pages ASP
Microsoft Active Server Pages ASP,ASP
Microsoft ASP.NET,Microsoft ASP.NET
Microsoft ASP.NET,ASP.NET
Microsoft ASP.NET Core MVC,Microsoft ASP.NET Core MVC
Microsoft ASP.NET Core MVC,ASP.NET Core
Microsoft Azure,Microsoft Azure
Microsoft Azure,Azure
Microsoft Dynamics,Microsoft Dynamics
Microsoft Dynamics,Dynamics
Microsoft Dynamics GP,Microsoft Dynamics GP
Microsoft Dynamics GP,Dynamics GP
Microsoft Excel,Microsoft Excel
Microsoft Excel,Excel
Microsoft Exchange Server,Microsoft Exchange Server
Microsoft Exchange Server,Exchange Server
Microsoft Office,Microsoft Office
Microsoft Office,Office
Microsoft Outlook,Microsoft Outlook
Microsoft Outlook,Outlook
Microsoft PowerPoint,Microsoft PowerPoint
Microsoft PowerPoint,PowerPoint
Microsoft PowerShell,Microsoft PowerShell
Microsoft PowerShell,PowerSheel
Microsoft Project,Microsoft Project
Microsoft Project,Project
Microsoft SharePoint,Microsoft SharePoint
Microsoft SharePoint,SharePoint
Microsoft SQL Server,Microsoft SQL Server
Microsoft SQL Server,SQL Server
Microsoft SQL Server Reporting Services,Microsoft SQL Server Reporting Services
Microsoft Visio,Microsoft Visio
Microsoft Visio,Visio
Microsoft Visual Basic,Microsoft Visual Basic
Microsoft Visual Basic,Visual Basic
Microsoft Visual Basic,VB
Microsoft Visual Basic Scripting Edition VBScript,Microsoft Visual Basic Scripting Edition VBScript
Microsoft Visual Basic Scripting Edition VBScript,VBScript
Microsoft Visual Studio,Microsoft Visual Studio
Microsoft Visual Studio,Visual Studio
Microsoft Visual Studio,VS
Microsoft Windows,Microsoft Windows
Microsoft Windows,Windows
Microsoft Word,Microsoft Word
Microsoft Word,Word
MicroStrategy,MicroStrategy
Minitab,Minitab
MongoDB,MongoDB
MySQL,MySQL
Nagios,Nagios
National Instruments LabVIEW,National Instruments LabVIEW
National Instruments LabVIEW,LabVIEW
NetSuite ERP,NetSuite ERP
NetSuite ERP,ERP
Node.js,Node.js
NoSQL,NoSQL
Objective C,Objective C
Objective C,Obj C
Objective C,Obj-C
Oracle Business Intelligence Enterprise Edition,Oracle Business Intelligence Enterprise Edition
Oracle Business Intelligence Enterprise Edition,Business Intelligence
Oracle Hyperion,Oracle Hyperion
Oracle Hyperion,Hyperion
Oracle Java,Oracle Java
Oracle Java,Java
Oracle JavaServer Pages JSP,Oracle JavaServer Pages JSP
Oracle JavaServer Pages JSP,JSP
Oracle JD Edwards EnterpriseOne,Oracle JD Edwards EnterpriseOne
Oracle JD Edwards EnterpriseOne,EnterpriseOne
Oracle JDBC,Oracle JDBC
Oracle JDBC,JDBC
Oracle PeopleSoft,Oracle PeopleSoft
Oracle PeopleSoft,PeopleSoft
Oracle PL/SQL,Oracle PL/SQL
Oracle PL/SQL,PL/SQL
Oracle Primavera Enterprise Project Portfolio Management,Oracle Primavera Enterprise Project Portfolio Management
Oracle Primavera Enterprise Project Portfolio Management,Primavera Enterprise Project Portfolio Management
Oracle Primavera Enterprise Project Portfolio Management,Primavera
Oracle Solaris,Oracle Solaris
Oracle Solaris,Solaris
Oracle Taleo,Oracle Taleo
Oracle Taleo,Taleo
Oracle WebLogic Server,Oracle WebLogic Server
Oracle WebLogic Server,WebLogic Server
Oracle WebLogic Server,WebLogic
PHP: Hypertext Preprocessor,PHP: Hypertext Preprocessor
PHP: Hypertext Preprocessor,PHP
PostgreSQL,PostgreSQL
PostgreSQL,Postres
Practical extraction and reporting language Perl,Practical extraction and reporting language Perl
Practical extraction and reporting language Perl,Perl
Puppet,Puppet
Python,Python
Qlik Tech QlikView,Qlik Tech QlikView
Qlik Tech QlikView,QlikView
R,R
React,React
React,React.js
Red Hat Enterprise Linux,Red Hat Enterprise Linux
Red Hat WildFly,Red Hat WildFly
Relational database management software,Relational database management software
Relational database management software,Relational database
Ruby,Ruby
Ruby on Rails,Ruby on Rails
Salesforce software,Salesforce software
Salesforce software,Salesforce
SAP,SAP
SAP Crystal Reports,SAP Crystal Reports
SAS,SAS
Scala,Scala
Selenium,Selenium
Shell script,Shell script
SmugMug Flickr,SmugMug Flickr
Flickr,Flickr
Splunk Enterprise,Splunk Enterprise
Spring Boot,Spring Boot
Spring Framework,Spring Framework
Structured query language SQL,Structured query language SQL
Structured query language SQL,SQL
Supervisory control and data acquisition SCADA software,Supervisory control and data acquisition SCADA software
Supervisory control and data acquisition SCADA software,SCADA
Swift,Swift
Symantec,Symantec
Tableau,Tableau
Teradata Database,Teradata Database
Teradata Database,Teradata
The MathWorks MATLAB,The MathWorks MATLAB
The MathWorks MATLAB,MATLAB
Transact-SQL,Transact-SQL
Trimble SketchUp Pro,Trimble SketchUp Pro
Unified modeling language UML,Unified modeling language UML
Unified modeling language UML,UML
UNIX,UNIX
Virtual private networking VPN software,Virtual private networking VPN software
Virtual private networking VPN software,VPN
Wireshark,Wireshark
Yardi,Yardi
YouTube,YouTube
Test,Tax